%SAFE,%PRETTY,URL
.beer-alcohol,!Beer/Alcohol,www.2bhip.com/category/beer-alcohol/
.beer-alcohol.budweiser,Budweiser,www.2bhip.com/category/beer-alcohol.budweiser/
.beer-alcohol.captain-morgan,Captain Morgan,www.2bhip.com/category/beer-alcohol.captain-morgan/
.beer-alcohol.coors,Coors,www.2bhip.com/category/beer-alcohol.coors/
.beer-alcohol.corona,Corona,www.2bhip.com/category/beer-alcohol.corona/
.beer-alcohol.fosters,Fosters,www.2bhip.com/category/beer-alcohol.fosters/
.beer-alcohol.guinness,Guinness,www.2bhip.com/category/beer-alcohol.guinness/
.beer-alcohol.merlot,Merlot,www.2bhip.com/category/beer-alcohol.merlot/
.beer-alcohol.mickey-s,Mickey's,www.2bhip.com/category/beer-alcohol.mickey-s/
.beer-alcohol.miller,Miller,www.2bhip.com/category/beer-alcohol.miller/
.beer-alcohol.olde-english,Olde English,www.2bhip.com/category/beer-alcohol.olde-english/
.beer-alcohol.red-stripe,Red Stripe,www.2bhip.com/category/beer-alcohol.red-stripe/
.beer-alcohol.sailor-jerry,Sailor Jerry,www.2bhip.com/category/beer-alcohol.sailor-jerry/
.brands,!Brands,www.2bhip.com/category/brands/
.brands.junk-food,Junk Food,www.2bhip.com/category/brands.junk-food/
.brands.life-clothing,Life Clothing,www.2bhip.com/category/brands.life-clothing/
.brands.lucky-13,Lucky 13,www.2bhip.com/category/brands.lucky-13/
.brands.mighty-fine,Mighty Fine,www.2bhip.com/category/brands.mighty-fine/
.brands.ripple-junction,Ripple Junction,www.2bhip.com/category/brands.ripple-junction/
.brands.sailor-jerry,Sailor Jerry,www.2bhip.com/category/brands.sailor-jerry/
.cartoons,!Cartoons,www.2bhip.com/category/cartoons/
.cartoons.adventure-time,Adventure Time,www.2bhip.com/category/cartoons.adventure-time/
.cartoons.alice-in-wonderland,Alice In Wonderland,www.2bhip.com/category/cartoons.alice-in-wonderland/
.cartoons.almost-naked-animals,Almost Naked Animals,www.2bhip.com/category/cartoons.almost-naked-animals/
.cartoons.animaniacs,Animaniacs,www.2bhip.com/category/cartoons.animaniacs/
.cartoons.bambi,Bambi,www.2bhip.com/category/cartoons.bambi/
.cartoons.batman,Batman,www.2bhip.com/category/cartoons.batman/
.cartoons.beavis-and-butthead,Beavis & Butthead,www.2bhip.com/category/cartoons.beavis-and-butthead/
.cartoons.betty-boop,Betty Boop,www.2bhip.com/category/cartoons.betty-boop/
.cartoons.black-butler,Black Butler,www.2bhip.com/category/cartoons.black-butler/
.cartoons.care-bears,Care Bears,www.2bhip.com/category/cartoons.care-bears/
.cartoons.courage-the-cowardly-dog,Courage The Cowardly Dog,www.2bhip.com/category/cartoons.courage-the-cowardly-dog/
.cartoons.cow-and-chicken,Cow And Chicken,www.2bhip.com/category/cartoons.cow-and-chicken/
.cartoons.curious-george,Curious George,www.2bhip.com/category/cartoons.curious-george/
.cartoons.dethklok,Dethklok,www.2bhip.com/category/cartoons.dethklok/
.cartoons.dexter-s-laboratory,Dexter's Laboratory,www.2bhip.com/category/cartoons.dexter-s-laboratory/
.cartoons.dinosaur-train,Dinosaur Train,www.2bhip.com/category/cartoons.dinosaur-train/
.cartoons.disney,Disney,www.2bhip.com/category/cartoons.disney/
.cartoons.domo,Domo,www.2bhip.com/category/cartoons.domo/
.cartoons.dr--seuss,Dr. Seuss,www.2bhip.com/category/cartoons.dr--seuss/
.cartoons.dragonball-z,Dragonball Z,www.2bhip.com/category/cartoons.dragonball-z/
.cartoons.ed--edd-n-eddy,"Ed, Edd n Eddy",www.2bhip.com/category/cartoons.ed--edd-n-eddy/
.cartoons.family-guy,Family Guy,www.2bhip.com/category/cartoons.family-guy/
.cartoons.felix-the-cat,Felix the Cat,www.2bhip.com/category/cartoons.felix-the-cat/
.cartoons.foster-s-home-for-imaginary-friends,Foster's Home For Imaginary Friends,www.2bhip.com/category/cartoons.foster-s-home-for-imaginary-friends/
.cartoons.g-i--joe,G.I. Joe,www.2bhip.com/category/cartoons.g-i--joe/
.cartoons.garfield,Garfield,www.2bhip.com/category/cartoons.garfield/
.cartoons.gumby,Gumby,www.2bhip.com/category/cartoons.gumby/
.cartoons.he-man,He Man,www.2bhip.com/category/cartoons.he-man/
.cartoons.hello-kitty,Hello Kitty,www.2bhip.com/category/cartoons.hello-kitty/
.cartoons.i-am-weasel,I Am Weasel,www.2bhip.com/category/cartoons.i-am-weasel/
.cartoons.jem,Jem,www.2bhip.com/category/cartoons.jem/
.cartoons.jetsons--the,"Jetsons, The",www.2bhip.com/category/cartoons.jetsons--the/
.cartoons.johnny-bravo,Johnny Bravo,www.2bhip.com/category/cartoons.johnny-bravo/
.cartoons.kawaii-not,Kawaii Not,www.2bhip.com/category/cartoons.kawaii-not/
.cartoons.king-of-the-hill,King of the Hill,www.2bhip.com/category/cartoons.king-of-the-hill/
.cartoons.looney-tunes,Looney Tunes,www.2bhip.com/category/cartoons.looney-tunes/
.cartoons.marvin-the-martian,Marvin the Martian,www.2bhip.com/category/cartoons.marvin-the-martian/
.cartoons.masters-of-the-universe,Masters Of The Universe,www.2bhip.com/category/cartoons.masters-of-the-universe/
.cartoons.mickey,Mickey,www.2bhip.com/category/cartoons.mickey/
.cartoons.mighty-morphin-power-rangers,Mighty Morphin Power Rangers,www.2bhip.com/category/cartoons.mighty-morphin-power-rangers/
.cartoons.mighty-mouse,Mighty Mouse,www.2bhip.com/category/cartoons.mighty-mouse/
.cartoons.muppets--the,"Muppets, The",www.2bhip.com/category/cartoons.muppets--the/
.cartoons.my-little-pony,My Little Pony,www.2bhip.com/category/cartoons.my-little-pony/
.cartoons.naruto,Naruto,www.2bhip.com/category/cartoons.naruto/
.cartoons.peanuts,Peanuts,www.2bhip.com/category/cartoons.peanuts/
.cartoons.phineas-and-ferb,Phineas And Ferb,www.2bhip.com/category/cartoons.phineas-and-ferb/
.cartoons.pink-panther-show--the,"Pink Panther Show, The",www.2bhip.com/category/cartoons.pink-panther-show--the/
.cartoons.pinky-and-the-brain,Pinky And The Brain,www.2bhip.com/category/cartoons.pinky-and-the-brain/
.cartoons.popeye,Popeye,www.2bhip.com/category/cartoons.popeye/
.cartoons.powerpuff-girls--the,"Powerpuff Girls, The",www.2bhip.com/category/cartoons.powerpuff-girls--the/
.cartoons.rainbow-brite,Rainbow Brite,www.2bhip.com/category/cartoons.rainbow-brite/
.cartoons.regular-show,Regular Show,www.2bhip.com/category/cartoons.regular-show/
.cartoons.samurai-jack,Samurai Jack,www.2bhip.com/category/cartoons.samurai-jack/
.cartoons.schoolhouse-rock,Schoolhouse Rock,www.2bhip.com/category/cartoons.schoolhouse-rock/
.cartoons.scooby-doo,Scooby Doo,www.2bhip.com/category/cartoons.scooby-doo/
.cartoons.sesame-street,Sesame Street,www.2bhip.com/category/cartoons.sesame-street/
.cartoons.simpsons,Simpsons,www.2bhip.com/category/cartoons.simpsons/
.cartoons.smurfs,Smurfs,www.2bhip.com/category/cartoons.smurfs/
.cartoons.south-park,South Park,www.2bhip.com/category/cartoons.south-park/
.cartoons.speed-racer,Speed Racer,www.2bhip.com/category/cartoons.speed-racer/
.cartoons.spongebob-squarepants,Spongebob Squarepants,www.2bhip.com/category/cartoons.spongebob-squarepants/
.cartoons.star-trek-the-animated-series,Star Trek The Animated Series,www.2bhip.com/category/cartoons.star-trek-the-animated-series/
.cartoons.teenage-mutant-ninja-turtles,Teenage Mutant Ninja Turtles,www.2bhip.com/category/cartoons.teenage-mutant-ninja-turtles/
.cartoons.the-iron-giant,The Iron Giant,www.2bhip.com/category/cartoons.the-iron-giant/
.cartoons.thundercats,Thundercats,www.2bhip.com/category/cartoons.thundercats/
.cartoons.transformers,Transformers,www.2bhip.com/category/cartoons.transformers/
.cartoons.voltron,Voltron,www.2bhip.com/category/cartoons.voltron/
.cartoons.winnie-the-pooh,Winnie The Pooh,www.2bhip.com/category/cartoons.winnie-the-pooh/
.cartoons.yo-gabba-gabba,Yo Gabba Gabba,www.2bhip.com/category/cartoons.yo-gabba-gabba/
.comics,!Comics,www.2bhip.com/category/comics/
.comics.aquaman,Aquaman,www.2bhip.com/category/comics.aquaman/
.comics.archie-comics,Archie Comics,www.2bhip.com/category/comics.archie-comics/
.comics.avengers--the,"Avengers, The",www.2bhip.com/category/comics.avengers--the/
.comics.axe-cop,Axe Cop,www.2bhip.com/category/comics.axe-cop/
.comics.batman,Batman,www.2bhip.com/category/comics.batman/
.comics.black-lightning,Black Lightning,www.2bhip.com/category/comics.black-lightning/
.comics.captain-america,Captain America,www.2bhip.com/category/comics.captain-america/
.comics.captain-marvel,Captain Marvel,www.2bhip.com/category/comics.captain-marvel/
.comics.catwoman,Catwoman,www.2bhip.com/category/comics.catwoman/
.comics.dark-knight--the,"Dark Knight, The",www.2bhip.com/category/comics.dark-knight--the/
.comics.dc-comics,DC Comics,www.2bhip.com/category/comics.dc-comics/
.comics.fantastic-four,Fantastic Four,www.2bhip.com/category/comics.fantastic-four/
.comics.firestorm,Firestorm,www.2bhip.com/category/comics.firestorm/
.comics.flash,Flash,www.2bhip.com/category/comics.flash/
.comics.four-horsemen-of-the-apocalypse--the,"Four Horsemen Of The Apocalypse, The",www.2bhip.com/category/comics.four-horsemen-of-the-apocalypse--the/
.comics.garfield,Garfield,www.2bhip.com/category/comics.garfield/
.comics.green-arrow,Green Arrow,www.2bhip.com/category/comics.green-arrow/
.comics.green-lantern,Green Lantern,www.2bhip.com/category/comics.green-lantern/
.comics.hawkman,Hawkman,www.2bhip.com/category/comics.hawkman/
.comics.iron-man,Iron Man,www.2bhip.com/category/comics.iron-man/
.comics.justice-league,Justice League,www.2bhip.com/category/comics.justice-league/
.comics.martian-manhunter,Martian Manhunter,www.2bhip.com/category/comics.martian-manhunter/
.comics.marvel-comics,Marvel Comics,www.2bhip.com/category/comics.marvel-comics/
.comics.peanuts,Peanuts,www.2bhip.com/category/comics.peanuts/
.comics.plastic-man,Plastic Man,www.2bhip.com/category/comics.plastic-man/
.comics.punisher,Punisher,www.2bhip.com/category/comics.punisher/
.comics.spider-man,Spider-Man,www.2bhip.com/category/comics.spider-man/
.comics.supergirl,Supergirl,www.2bhip.com/category/comics.supergirl/
.comics.superman,Superman,www.2bhip.com/category/comics.superman/
.comics.teenage-mutant-ninja-turtles,Teenage Mutant Ninja Turtles,www.2bhip.com/category/comics.teenage-mutant-ninja-turtles/
.comics.thor,Thor,www.2bhip.com/category/comics.thor/
.comics.tornado,Tornado,www.2bhip.com/category/comics.tornado/
.comics.vampirella,Vampirella,www.2bhip.com/category/comics.vampirella/
.comics.walking-dead--the,"Walking Dead, The",www.2bhip.com/category/comics.walking-dead--the/
.comics.watchmen,Watchmen,www.2bhip.com/category/comics.watchmen/
.comics.wonder-woman,Wonder Woman,www.2bhip.com/category/comics.wonder-woman/
.comics.x-men,X-Men,www.2bhip.com/category/comics.x-men/
.comics.zatanna,Zatanna,www.2bhip.com/category/comics.zatanna/
.comics.zenescope-comics,Zenescope Comics,www.2bhip.com/category/comics.zenescope-comics/
.funny,!Funny,www.2bhip.com/category/funny/
.funny.funny-beer-alcohol-t-shirts,Funny Beer/Alcohol T-Shirts,www.2bhip.com/category/funny.funny-beer-alcohol-t-shirts/
.funny.funny-brand-name-t-shirts,Funny Brand Name T-Shirts,www.2bhip.com/category/funny.funny-brand-name-t-shirts/
.funny.funny-cartoon-t-shirts,Funny Cartoon T-Shirts,www.2bhip.com/category/funny.funny-cartoon-t-shirts/
.funny.funny-comic-t-shirts,Funny Comic T-Shirts,www.2bhip.com/category/funny.funny-comic-t-shirts/
.funny.funny-junk-food-t-shirts,Funny Junk Food T-Shirts,www.2bhip.com/category/funny.funny-junk-food-t-shirts/
.funny.funny-movie-t-shirts,Funny Movie T-Shirts,www.2bhip.com/category/funny.funny-movie-t-shirts/
.funny.funny-music-t-shirts,Funny Music T-Shirts,www.2bhip.com/category/funny.funny-music-t-shirts/
.funny.funny-sports-t-shirts,Funny Sports T-Shirts,www.2bhip.com/category/funny.funny-sports-t-shirts/
.funny.funny-tv-t-shirts,Funny TV T-Shirts,www.2bhip.com/category/funny.funny-tv-t-shirts/
.funny.funny-video-game-t-shirts,Funny Video Game T-Shirts,www.2bhip.com/category/funny.funny-video-game-t-shirts/
.junk-food,!Junk Food,www.2bhip.com/category/junk-food/
.junk-food.ac-dc,AC/DC,www.2bhip.com/category/junk-food.ac-dc/
.junk-food.alice-in-wonderland,Alice In Wonderland,www.2bhip.com/category/junk-food.alice-in-wonderland/
.junk-food.atari,Atari,www.2bhip.com/category/junk-food.atari/
.junk-food.avengers--the,"Avengers, The",www.2bhip.com/category/junk-food.avengers--the/
.junk-food.batgirl,Batgirl,www.2bhip.com/category/junk-food.batgirl/
.junk-food.batman,Batman,www.2bhip.com/category/junk-food.batman/
.junk-food.beatles,Beatles,www.2bhip.com/category/junk-food.beatles/
.junk-food.beavis-and-butthead,Beavis & Butthead,www.2bhip.com/category/junk-food.beavis-and-butthead/
.junk-food.betty-crocker,Betty Crocker,www.2bhip.com/category/junk-food.betty-crocker/
.junk-food.blow-pops,Blow Pops,www.2bhip.com/category/junk-food.blow-pops/
.junk-food.budweiser,Budweiser,www.2bhip.com/category/junk-food.budweiser/
.junk-food.captain-america,Captain America,www.2bhip.com/category/junk-food.captain-america/
.junk-food.care-bears,Care Bears,www.2bhip.com/category/junk-food.care-bears/
.junk-food.centipede,Centipede,www.2bhip.com/category/junk-food.centipede/
.junk-food.coca-cola,Coca Cola,www.2bhip.com/category/junk-food.coca-cola/
.junk-food.cocoa-puffs,Cocoa Puffs,www.2bhip.com/category/junk-food.cocoa-puffs/
.junk-food.curious-george,Curious George,www.2bhip.com/category/junk-food.curious-george/
.junk-food.dc-comics,DC Comics,www.2bhip.com/category/junk-food.dc-comics/
.junk-food.disney,Disney,www.2bhip.com/category/junk-food.disney/
.junk-food.dr-seuss,Dr Seuss,www.2bhip.com/category/junk-food.dr-seuss/
.junk-food.eggo,Eggo,www.2bhip.com/category/junk-food.eggo/
.junk-food.felix-the-cat,Felix The Cat,www.2bhip.com/category/junk-food.felix-the-cat/
.junk-food.flash--the,"Flash, The",www.2bhip.com/category/junk-food.flash--the/
.junk-food.ford,Ford,www.2bhip.com/category/junk-food.ford/
.junk-food.frosted-flakes,Frosted Flakes,www.2bhip.com/category/junk-food.frosted-flakes/
.junk-food.garbage-pail-kids,Garbage Pail Kids,www.2bhip.com/category/junk-food.garbage-pail-kids/
.junk-food.gi-joe,GI Joe,www.2bhip.com/category/junk-food.gi-joe/
.junk-food.grateful-dead,Grateful Dead,www.2bhip.com/category/junk-food.grateful-dead/
.junk-food.green-lantern,Green Lantern,www.2bhip.com/category/junk-food.green-lantern/
.junk-food.guinness,Guinness,www.2bhip.com/category/junk-food.guinness/
.junk-food.iron-man,Iron Man,www.2bhip.com/category/junk-food.iron-man/
.junk-food.jetsons,Jetsons,www.2bhip.com/category/junk-food.jetsons/
.junk-food.jimi-hendrix,Jimi Hendrix,www.2bhip.com/category/junk-food.jimi-hendrix/
.junk-food.kiss,KISS,www.2bhip.com/category/junk-food.kiss/
.junk-food.little-miss,Little Miss,www.2bhip.com/category/junk-food.little-miss/
.junk-food.looney-tunes,Looney Tunes,www.2bhip.com/category/junk-food.looney-tunes/
.junk-food.lucky-charms,Lucky Charms,www.2bhip.com/category/junk-food.lucky-charms/
.junk-food.lynyrd-skynyrd,Lynyrd Skynyrd,www.2bhip.com/category/junk-food.lynyrd-skynyrd/
.junk-food.madonna,Madonna,www.2bhip.com/category/junk-food.madonna/
.junk-food.marvel-comics,Marvel Comics,www.2bhip.com/category/junk-food.marvel-comics/
.junk-food.monopoly,Monopoly,www.2bhip.com/category/junk-food.monopoly/
.junk-food.mtv,MTV,www.2bhip.com/category/junk-food.mtv/
.junk-food.muppets--the,"Muppets, The",www.2bhip.com/category/junk-food.muppets--the/
.junk-food.nba,NBA,www.2bhip.com/category/junk-food.nba/
.junk-food.nestle,Nestle,www.2bhip.com/category/junk-food.nestle/
.junk-food.nfl,NFL,www.2bhip.com/category/junk-food.nfl/
.junk-food.peanuts--the,"Peanuts, The",www.2bhip.com/category/junk-food.peanuts--the/
.junk-food.peter-pan,Peter Pan,www.2bhip.com/category/junk-food.peter-pan/
.junk-food.pink-floyd,Pink Floyd,www.2bhip.com/category/junk-food.pink-floyd/
.junk-food.pinocchio,Pinocchio,www.2bhip.com/category/junk-food.pinocchio/
.junk-food.popeye,Popeye,www.2bhip.com/category/junk-food.popeye/
.junk-food.radiohead,Radiohead,www.2bhip.com/category/junk-food.radiohead/
.junk-food.rainbow-brite,Rainbow Brite,www.2bhip.com/category/junk-food.rainbow-brite/
.junk-food.rocky-horror-picture-show,Rocky Horror Picture Show,www.2bhip.com/category/junk-food.rocky-horror-picture-show/
.junk-food.rod-stewart,Rod Stewart,www.2bhip.com/category/junk-food.rod-stewart/
.junk-food.rolling-stones--the,"Rolling Stones, The",www.2bhip.com/category/junk-food.rolling-stones--the/
.junk-food.run-dmc,Run DMC,www.2bhip.com/category/junk-food.run-dmc/
.junk-food.smurfs,Smurfs,www.2bhip.com/category/junk-food.smurfs/
.junk-food.snow-white,Snow White,www.2bhip.com/category/junk-food.snow-white/
.junk-food.space-invaders,Space Invaders,www.2bhip.com/category/junk-food.space-invaders/
.junk-food.spider-man,Spider-Man,www.2bhip.com/category/junk-food.spider-man/
.junk-food.star-trek,Star Trek,www.2bhip.com/category/junk-food.star-trek/
.junk-food.star-wars,Star Wars,www.2bhip.com/category/junk-food.star-wars/
.junk-food.superman,Superman,www.2bhip.com/category/junk-food.superman/
.junk-food.sweet-tarts,Sweet Tarts,www.2bhip.com/category/junk-food.sweet-tarts/
.junk-food.the-hangover,The Hangover,www.2bhip.com/category/junk-food.the-hangover/
.junk-food.the-police,The Police,www.2bhip.com/category/junk-food.the-police/
.junk-food.tootsie-rolls,Tootsie Rolls,www.2bhip.com/category/junk-food.tootsie-rolls/
.junk-food.transformers,Transformers,www.2bhip.com/category/junk-food.transformers/
.junk-food.twister,Twister,www.2bhip.com/category/junk-food.twister/
.junk-food.velvet-underground,Velvet Underground,www.2bhip.com/category/junk-food.velvet-underground/
.junk-food.wheaties,Wheaties,www.2bhip.com/category/junk-food.wheaties/
.junk-food.where-the-wild-things-are,Where The Wild Things Are,www.2bhip.com/category/junk-food.where-the-wild-things-are/
.junk-food.wonder-woman,Wonder Woman,www.2bhip.com/category/junk-food.wonder-woman/
.junk-food.x-men,X Men,www.2bhip.com/category/junk-food.x-men/
.junk-food.yo-gabba-gabba,Yo Gabba Gabba,www.2bhip.com/category/junk-food.yo-gabba-gabba/
.movies,!Movies,www.2bhip.com/category/movies/
.movies.300,300,www.2bhip.com/category/movies.300/
.movies.40-year-old-virgin,40 Year Old Virgin,www.2bhip.com/category/movies.40-year-old-virgin/
.movies.a-clockwork-orange,A Clockwork Orange,www.2bhip.com/category/movies.a-clockwork-orange/
.movies.airplane,Airplane,www.2bhip.com/category/movies.airplane/
.movies.aladdin,Aladdin,www.2bhip.com/category/movies.aladdin/
.movies.american-pie,American Pie,www.2bhip.com/category/movies.american-pie/
.movies.american-wedding,American Wedding,www.2bhip.com/category/movies.american-wedding/
.movies.anchorman,Anchorman,www.2bhip.com/category/movies.anchorman/
.movies.animal-house,Animal House,www.2bhip.com/category/movies.animal-house/
.movies.army-of-darkness,Army Of Darkness,www.2bhip.com/category/movies.army-of-darkness/
.movies.back-to-the-future,Back To The Future,www.2bhip.com/category/movies.back-to-the-future/
.movies.bambi,Bambi,www.2bhip.com/category/movies.bambi/
.movies.batman,Batman,www.2bhip.com/category/movies.batman/
.movies.bettie-page,Bettie Page,www.2bhip.com/category/movies.bettie-page/
.movies.beverly-hills-cop,Beverly Hills Cop,www.2bhip.com/category/movies.beverly-hills-cop/
.movies.big-lebowski--the,"Big Lebowski, The",www.2bhip.com/category/movies.big-lebowski--the/
.movies.blues-brothers--the,"Blues Brothers, The",www.2bhip.com/category/movies.blues-brothers--the/
.movies.boondock-saints,Boondock Saints,www.2bhip.com/category/movies.boondock-saints/
.movies.borat,Borat,www.2bhip.com/category/movies.borat/
.movies.born-in-east-la,Born In East LA,www.2bhip.com/category/movies.born-in-east-la/
.movies.breakfast-at-tiffany-s,Breakfast At Tiffany's,www.2bhip.com/category/movies.breakfast-at-tiffany-s/
.movies.bruce-lee,Bruce Lee,www.2bhip.com/category/movies.bruce-lee/
.movies.caddyshack,Caddyshack,www.2bhip.com/category/movies.caddyshack/
.movies.charlie-sheen,Charlie Sheen,www.2bhip.com/category/movies.charlie-sheen/
.movies.cheech-and-chong,Cheech & Chong,www.2bhip.com/category/movies.cheech-and-chong/
.movies.chuck-norris,Chuck Norris,www.2bhip.com/category/movies.chuck-norris/
.movies.chuck-norris,Chuck Norris,www.2bhip.com/category/movies.chuck-norris/
.movies.clash-of-the-titans,Clash Of The Titans,www.2bhip.com/category/movies.clash-of-the-titans/
.movies.coraline,Coraline,www.2bhip.com/category/movies.coraline/
.movies.corpse-bride--the,"Corpse Bride, The",www.2bhip.com/category/movies.corpse-bride--the/
.movies.cry-baby,Cry Baby,www.2bhip.com/category/movies.cry-baby/
.movies.dark-crystal--the,"Dark Crystal, The",www.2bhip.com/category/movies.dark-crystal--the/
.movies.dark-knight--the,"Dark Knight, The",www.2bhip.com/category/movies.dark-knight--the/
.movies.dazed-and-confused,Dazed & Confused,www.2bhip.com/category/movies.dazed-and-confused/
.movies.debbie-does-dallas,Debbie Does Dallas,www.2bhip.com/category/movies.debbie-does-dallas/
.movies.delta-force,Delta Force,www.2bhip.com/category/movies.delta-force/
.movies.disney,Disney,www.2bhip.com/category/movies.disney/
.movies.dodgeball,Dodgeball,www.2bhip.com/category/movies.dodgeball/
.movies.dragonslayer,Dragonslayer,www.2bhip.com/category/movies.dragonslayer/
.movies.dumb-and-dumber,Dumb And Dumber,www.2bhip.com/category/movies.dumb-and-dumber/
.movies.easy-rider,Easy Rider,www.2bhip.com/category/movies.easy-rider/
.movies.elf,Elf,www.2bhip.com/category/movies.elf/
.movies.elvira,Elvira,www.2bhip.com/category/movies.elvira/
.movies.fast-times-at-ridgemont-high,Fast Times At Ridgemont High,www.2bhip.com/category/movies.fast-times-at-ridgemont-high/
.movies.ferris-bueller-s-day-off,Ferris Bueller's Day Off,www.2bhip.com/category/movies.ferris-bueller-s-day-off/
.movies.fight-club,Fight Club,www.2bhip.com/category/movies.fight-club/
.movies.flash-gordon,Flash Gordon,www.2bhip.com/category/movies.flash-gordon/
.movies.flashdance,Flashdance,www.2bhip.com/category/movies.flashdance/
.movies.forbidden-planet,Forbidden Planet,www.2bhip.com/category/movies.forbidden-planet/
.movies.frankenstein,Frankenstein,www.2bhip.com/category/movies.frankenstein/
.movies.frankenweenie,Frankenweenie,www.2bhip.com/category/movies.frankenweenie/
.movies.ghostbusters,Ghostbusters,www.2bhip.com/category/movies.ghostbusters/
.movies.gladiator,Gladiator,www.2bhip.com/category/movies.gladiator/
.movies.godfather--the,"Godfather, The",www.2bhip.com/category/movies.godfather--the/
.movies.godzilla,Godzilla,www.2bhip.com/category/movies.godzilla/
.movies.good-the-bad-and-the-ugly--the,"Good The Bad And The Ugly, The",www.2bhip.com/category/movies.good-the-bad-and-the-ugly--the/
.movies.goonies,Goonies,www.2bhip.com/category/movies.goonies/
.movies.green-lantern,Green Lantern,www.2bhip.com/category/movies.green-lantern/
.movies.gremlins,Gremlins,www.2bhip.com/category/movies.gremlins/
.movies.half-baked,Half Baked,www.2bhip.com/category/movies.half-baked/
.movies.halloween,Halloween,www.2bhip.com/category/movies.halloween/
.movies.hangover--the,"Hangover, The",www.2bhip.com/category/movies.hangover--the/
.movies.hansel-and-gretel,Hansel And Gretel,www.2bhip.com/category/movies.hansel-and-gretel/
.movies.harry-potter,Harry Potter,www.2bhip.com/category/movies.harry-potter/
.movies.hellboy,Hellboy,www.2bhip.com/category/movies.hellboy/
.movies.high-noon,High Noon,www.2bhip.com/category/movies.high-noon/
.movies.hobbit--the,"Hobbit, The",www.2bhip.com/category/movies.hobbit--the/
.movies.hoosiers,Hoosiers,www.2bhip.com/category/movies.hoosiers/
.movies.how-the-grinch-stole-christmas,How The Grinch Stole Christmas,www.2bhip.com/category/movies.how-the-grinch-stole-christmas/
.movies.invasion-of-the-body-snatchers,Invasion Of The Body Snatchers,www.2bhip.com/category/movies.invasion-of-the-body-snatchers/
.movies.iron-giant--the,"Iron Giant, The",www.2bhip.com/category/movies.iron-giant--the/
.movies.iron-man-2,Iron Man 2,www.2bhip.com/category/movies.iron-man-2/
.movies.james-bond,James Bond,www.2bhip.com/category/movies.james-bond/
.movies.james-dean,James Dean,www.2bhip.com/category/movies.james-dean/
.movies.jaws,Jaws,www.2bhip.com/category/movies.jaws/
.movies.jurassic-park,Jurassic Park,www.2bhip.com/category/movies.jurassic-park/
.movies.karate-kid,Karate Kid,www.2bhip.com/category/movies.karate-kid/
.movies.king-kong,King Kong,www.2bhip.com/category/movies.king-kong/
.movies.labyrinth,Labyrinth,www.2bhip.com/category/movies.labyrinth/
.movies.lion-king,Lion King,www.2bhip.com/category/movies.lion-king/
.movies.little-mermaid--the,"Little Mermaid, The",www.2bhip.com/category/movies.little-mermaid--the/
.movies.lord-of-the-rings--the,"Lord Of The Rings, The",www.2bhip.com/category/movies.lord-of-the-rings--the/
.movies.marilyn-monroe,Marilyn Monroe,www.2bhip.com/category/movies.marilyn-monroe/
.movies.mirrormask,Mirrormask,www.2bhip.com/category/movies.mirrormask/
.movies.monty-python,Monty Python,www.2bhip.com/category/movies.monty-python/
.movies.naked-gun--the,"Naked Gun, The",www.2bhip.com/category/movies.naked-gun--the/
.movies.national-lampoon-s-christmas-vacation,National Lampoon's Christmas Vacation,www.2bhip.com/category/movies.national-lampoon-s-christmas-vacation/
.movies.national-lampoon-s-vacation,National Lampoon's Vacation,www.2bhip.com/category/movies.national-lampoon-s-vacation/
.movies.nightmare-before-christmas--the,"Nightmare Before Christmas, The",www.2bhip.com/category/movies.nightmare-before-christmas--the/
.movies.nightmare-on-elm-street,Nightmare On Elm Street,www.2bhip.com/category/movies.nightmare-on-elm-street/
.movies.office-space,Office Space,www.2bhip.com/category/movies.office-space/
.movies.old-school,Old School,www.2bhip.com/category/movies.old-school/
.movies.once-upon-a-time-in-the-west,Once Upon A Time In The West,www.2bhip.com/category/movies.once-upon-a-time-in-the-west/
.movies.pink-panther--the,"Pink Panther, The",www.2bhip.com/category/movies.pink-panther--the/
.movies.pinocchio,Pinocchio,www.2bhip.com/category/movies.pinocchio/
.movies.pirates-of-the-caribbean,Pirates Of The Caribbean,www.2bhip.com/category/movies.pirates-of-the-caribbean/
.movies.princess-bride,Princess Bride,www.2bhip.com/category/movies.princess-bride/
.movies.psycho,Psycho,www.2bhip.com/category/movies.psycho/
.movies.pulp-fiction,Pulp Fiction,www.2bhip.com/category/movies.pulp-fiction/
.movies.red-dawn,Red Dawn,www.2bhip.com/category/movies.red-dawn/
.movies.reservoir-dogs,Reservoir Dogs,www.2bhip.com/category/movies.reservoir-dogs/
.movies.resident-evil,Resident Evil,www.2bhip.com/category/movies.resident-evil/
.movies.road-trip,Road Trip,www.2bhip.com/category/movies.road-trip/
.movies.robocop,Robocop,www.2bhip.com/category/movies.robocop/
.movies.rocky,Rocky,www.2bhip.com/category/movies.rocky/
.movies.rocky-horror-picture-show,Rocky Horror Picture Show,www.2bhip.com/category/movies.rocky-horror-picture-show/
.movies.shaun-of-the-dead,Shaun Of The Dead,www.2bhip.com/category/movies.shaun-of-the-dead/
.movies.sixteen-candles,Sixteen Candles,www.2bhip.com/category/movies.sixteen-candles/
.movies.smokey-and-the-bandit,Smokey And The Bandit,www.2bhip.com/category/movies.smokey-and-the-bandit/
.movies.snow-white,Snow White,www.2bhip.com/category/movies.snow-white/
.movies.star-trek,Star Trek,www.2bhip.com/category/movies.star-trek/
.movies.star-wars,Star Wars,www.2bhip.com/category/movies.star-wars/
.movies.super-fly,Super Fly,www.2bhip.com/category/movies.super-fly/
.movies.ted,Ted,www.2bhip.com/category/movies.ted/
.movies.terminator,Terminator,www.2bhip.com/category/movies.terminator/
.movies.texas-chainsaw-massacre,Texas Chainsaw Massacre,www.2bhip.com/category/movies.texas-chainsaw-massacre/
.movies.the-birds,The Birds,www.2bhip.com/category/movies.the-birds/
.movies.three-amigos--the,"Three Amigos, The",www.2bhip.com/category/movies.three-amigos--the/
.movies.tommy-boy,Tommy Boy,www.2bhip.com/category/movies.tommy-boy/
.movies.top-gun,Top Gun,www.2bhip.com/category/movies.top-gun/
.movies.toy-story,Toy Story,www.2bhip.com/category/movies.toy-story/
.movies.tremors,Tremors,www.2bhip.com/category/movies.tremors/
.movies.tron,Tron,www.2bhip.com/category/movies.tron/
.movies.tropic-thunder,Tropic Thunder,www.2bhip.com/category/movies.tropic-thunder/
.movies.v-for-vendetta,V For Vendetta,www.2bhip.com/category/movies.v-for-vendetta/
.movies.war-of-the-worlds--the,"War Of The Worlds, The",www.2bhip.com/category/movies.war-of-the-worlds--the/
.movies.watchmen,Watchmen,www.2bhip.com/category/movies.watchmen/
.movies.wayne-s-world,Wayne's World,www.2bhip.com/category/movies.wayne-s-world/
.movies.where-the-wild-things-are,Where the Wild Things Are,www.2bhip.com/category/movies.where-the-wild-things-are/
.movies.wizard-of-oz,Wizard Of Oz,www.2bhip.com/category/movies.wizard-of-oz/
.movies.your-highness,Your Highness,www.2bhip.com/category/movies.your-highness/
.movies.zoolander,Zoolander,www.2bhip.com/category/movies.zoolander/
.music,!Music,www.2bhip.com/category/music/
.music.1d,1D,www.2bhip.com/category/music.1d/
.music.ac-dc,AC/DC,www.2bhip.com/category/music.ac-dc/
.music.adicts--the,"Adicts, The",www.2bhip.com/category/music.adicts--the/
.music.aerosmith,Aerosmith,www.2bhip.com/category/music.aerosmith/
.music.alice-cooper,Alice Cooper,www.2bhip.com/category/music.alice-cooper/
.music.alkaline-trio,Alkaline Trio,www.2bhip.com/category/music.alkaline-trio/
.music.allman-brothers,Allman Brothers,www.2bhip.com/category/music.allman-brothers/
.music.anthrax,Anthrax,www.2bhip.com/category/music.anthrax/
.music.as-i-lay-dying,As I Lay Dying,www.2bhip.com/category/music.as-i-lay-dying/
.music.audioslave,Audioslave,www.2bhip.com/category/music.audioslave/
.music.avenged-sevenfold,Avenged Sevenfold,www.2bhip.com/category/music.avenged-sevenfold/
.music.bad-brains,Bad Brains,www.2bhip.com/category/music.bad-brains/
.music.bad-religion,Bad Religion,www.2bhip.com/category/music.bad-religion/
.music.beastie-boys,Beastie Boys,www.2bhip.com/category/music.beastie-boys/
.music.beatles--the,"Beatles, The",www.2bhip.com/category/music.beatles--the/
.music.black-eyed-peas,Black Eyed Peas,www.2bhip.com/category/music.black-eyed-peas/
.music.black-label-society,Black Label Society,www.2bhip.com/category/music.black-label-society/
.music.black-sabbath,Black Sabbath,www.2bhip.com/category/music.black-sabbath/
.music.bob-marley,Bob Marley,www.2bhip.com/category/music.bob-marley/
.music.boston,Boston,www.2bhip.com/category/music.boston/
.music.bruce-springsteen,Bruce Springsteen,www.2bhip.com/category/music.bruce-springsteen/
.music.bullet-for-my-valentine,Bullet For My Valentine,www.2bhip.com/category/music.bullet-for-my-valentine/
.music.cake,Cake,www.2bhip.com/category/music.cake/
.music.cbgb,CBGB,www.2bhip.com/category/music.cbgb/
.music.cody-simpson,Cody Simpson,www.2bhip.com/category/music.cody-simpson/
.music.david-bowie,David Bowie,www.2bhip.com/category/music.david-bowie/
.music.deadmau5,Deadmau5,www.2bhip.com/category/music.deadmau5/
.music.def-leppard,Def Leppard,www.2bhip.com/category/music.def-leppard/
.music.dethklok,Dethklok,www.2bhip.com/category/music.dethklok/
.music.dimebag-darrell,Dimebag Darrell,www.2bhip.com/category/music.dimebag-darrell/
.music.disasters,Disasters,www.2bhip.com/category/music.disasters/
.music.disturbed,Disturbed,www.2bhip.com/category/music.disturbed/
.music.doors--the,"Doors, The",www.2bhip.com/category/music.doors--the/
.music.down,Down,www.2bhip.com/category/music.down/
.music.dropkick-murphys,Dropkick Murphys,www.2bhip.com/category/music.dropkick-murphys/
.music.eagles,Eagles,www.2bhip.com/category/music.eagles/
.music.elvis-presley,Elvis Presley,www.2bhip.com/category/music.elvis-presley/
.music.fireball-ministry,Fireball Ministry,www.2bhip.com/category/music.fireball-ministry/
.music.flogging-molly,Flogging Molly,www.2bhip.com/category/music.flogging-molly/
.music.foo-fighters,Foo Fighters,www.2bhip.com/category/music.foo-fighters/
.music.foreigner,Foreigner,www.2bhip.com/category/music.foreigner/
.music.frank-zappa,Frank Zappa,www.2bhip.com/category/music.frank-zappa/
.music.ghost,Ghost,www.2bhip.com/category/music.ghost/
.music.godsmack,Godsmack,www.2bhip.com/category/music.godsmack/
.music.grateful-dead,Grateful Dead,www.2bhip.com/category/music.grateful-dead/
.music.green-day,Green Day,www.2bhip.com/category/music.green-day/
.music.guns-n-roses,Guns N Roses,www.2bhip.com/category/music.guns-n-roses/
.music.hatebreed,Hatebreed,www.2bhip.com/category/music.hatebreed/
.music.him,HIM,www.2bhip.com/category/music.him/
.music.ice-cube,Ice Cube,www.2bhip.com/category/music.ice-cube/
.music.insane-clown-posse,Insane Clown Posse,www.2bhip.com/category/music.insane-clown-posse/
.music.iron-maiden,Iron Maiden,www.2bhip.com/category/music.iron-maiden/
.music.jerry-garcia,Jerry Garcia,www.2bhip.com/category/music.jerry-garcia/
.music.jim-morrison,Jim Morrison,www.2bhip.com/category/music.jim-morrison/
.music.jimi-hendrix,Jimi Hendrix,www.2bhip.com/category/music.jimi-hendrix/
.music.johnny-cash,Johnny Cash,www.2bhip.com/category/music.johnny-cash/
.music.jonas-brothers,Jonas Brothers,www.2bhip.com/category/music.jonas-brothers/
.music.journey,Journey,www.2bhip.com/category/music.journey/
.music.judas-priest,Judas Priest,www.2bhip.com/category/music.judas-priest/
.music.kiss,KISS,www.2bhip.com/category/music.kiss/
.music.led-zeppelin,Led Zeppelin,www.2bhip.com/category/music.led-zeppelin/
.music.lil-wayne,Lil Wayne,www.2bhip.com/category/music.lil-wayne/
.music.linkin-park,Linkin Park,www.2bhip.com/category/music.linkin-park/
.music.lou-reed,Lou Reed,www.2bhip.com/category/music.lou-reed/
.music.lynyrd-skynyrd,Lynyrd Skynyrd,www.2bhip.com/category/music.lynyrd-skynyrd/
.music.machine-head,Machine Head,www.2bhip.com/category/music.machine-head/
.music.madonna,Madonna,www.2bhip.com/category/music.madonna/
.music.mastodon,Mastodon,www.2bhip.com/category/music.mastodon/
.music.megadeth,Megadeth,www.2bhip.com/category/music.megadeth/
.music.metallica,Metallica,www.2bhip.com/category/music.metallica/
.music.michael-jackson,Michael Jackson,www.2bhip.com/category/music.michael-jackson/
.music.misfits,Misfits,www.2bhip.com/category/music.misfits/
.music.motley-crue,Motley Crue,www.2bhip.com/category/music.motley-crue/
.music.motorhead,Motorhead,www.2bhip.com/category/music.motorhead/
.music.mtv,MTV,www.2bhip.com/category/music.mtv/
.music.muse,Muse,www.2bhip.com/category/music.muse/
.music.new-york-dolls,New York Dolls,www.2bhip.com/category/music.new-york-dolls/
.music.nine-inch-nails,Nine Inch Nails,www.2bhip.com/category/music.nine-inch-nails/
.music.nirvana,Nirvana,www.2bhip.com/category/music.nirvana/
.music.notorious-big,Notorious BIG,www.2bhip.com/category/music.notorious-big/
.music.offspring--the,"Offspring, The",www.2bhip.com/category/music.offspring--the/
.music.ozzy-osbourne,Ozzy Osbourne,www.2bhip.com/category/music.ozzy-osbourne/
.music.pantera,Pantera,www.2bhip.com/category/music.pantera/
.music.papa-roach,Papa Roach,www.2bhip.com/category/music.papa-roach/
.music.pearl-jam,Pearl Jam,www.2bhip.com/category/music.pearl-jam/
.music.phish,Phish,www.2bhip.com/category/music.phish/
.music.pink-floyd,Pink Floyd,www.2bhip.com/category/music.pink-floyd/
.music.police--the,"Police, The",www.2bhip.com/category/music.police--the/
.music.primus,Primus,www.2bhip.com/category/music.primus/
.music.public-enemy,Public Enemy,www.2bhip.com/category/music.public-enemy/
.music.radiohead,Radiohead,www.2bhip.com/category/music.radiohead/
.music.ramones,Ramones,www.2bhip.com/category/music.ramones/
.music.red-hot-chili-peppers,Red Hot Chili Peppers,www.2bhip.com/category/music.red-hot-chili-peppers/
.music.reo-speedwagon,REO Speedwagon,www.2bhip.com/category/music.reo-speedwagon/
.music.rolling-stones--the,"Rolling Stones, The",www.2bhip.com/category/music.rolling-stones--the/
.music.run-dmc,Run DMC,www.2bhip.com/category/music.run-dmc/
.music.rush,Rush,www.2bhip.com/category/music.rush/
.music.selena-gomez,Selena Gomez,www.2bhip.com/category/music.selena-gomez/
.music.sex-pistols,Sex Pistols,www.2bhip.com/category/music.sex-pistols/
.music.simon-and-garfunkel,Simon & Garfunkel,www.2bhip.com/category/music.simon-and-garfunkel/
.music.simon-and-garfunkel,Simon And Garfunkel,www.2bhip.com/category/music.simon-and-garfunkel/
.music.slash,Slash,www.2bhip.com/category/music.slash/
.music.slayer,Slayer,www.2bhip.com/category/music.slayer/
.music.slipknot,Slipknot,www.2bhip.com/category/music.slipknot/
.music.social-distortion,Social Distortion,www.2bhip.com/category/music.social-distortion/
.music.stone-temple-pilots,Stone Temple Pilots,www.2bhip.com/category/music.stone-temple-pilots/
.music.sublime,Sublime,www.2bhip.com/category/music.sublime/
.music.suffocation,Suffocation,www.2bhip.com/category/music.suffocation/
.music.sun-records,Sun Records,www.2bhip.com/category/music.sun-records/
.music.tokio-hotel,Tokio Hotel,www.2bhip.com/category/music.tokio-hotel/
.music.tool,Tool,www.2bhip.com/category/music.tool/
.music.twisted-sister,Twisted Sister,www.2bhip.com/category/music.twisted-sister/
.music.u2,U2,www.2bhip.com/category/music.u2/
.music.van-halen,Van Halen,www.2bhip.com/category/music.van-halen/
.music.velvet-underground--the,"Velvet Underground, The",www.2bhip.com/category/music.velvet-underground--the/
.music.weezer,Weezer,www.2bhip.com/category/music.weezer/
.music.who--the,"Who, The",www.2bhip.com/category/music.who--the/
.music.willie-nelson,Willie Nelson,www.2bhip.com/category/music.willie-nelson/
.music.woodstock,Woodstock,www.2bhip.com/category/music.woodstock/
.music.zz-top,ZZ Top,www.2bhip.com/category/music.zz-top/
.sports,!Sports,www.2bhip.com/category/sports/
.sports.mlb,MLB,www.2bhip.com/category/sports.mlb/
.sports.mls,MLS,www.2bhip.com/category/sports.mls/
.sports.nba,NBA,www.2bhip.com/category/sports.nba/
.sports.nfl,NFL,www.2bhip.com/category/sports.nfl/
.sports.nhl,NHL,www.2bhip.com/category/sports.nhl/
.sports.university,University,www.2bhip.com/category/sports.university/
.tv,!TV,www.2bhip.com/category/tv/
.tv.24-twenty-four,24 Twenty Four,www.2bhip.com/category/tv.24-twenty-four/
.tv.30-rock,30 Rock,www.2bhip.com/category/tv.30-rock/
.tv.airwolf,Airwolf,www.2bhip.com/category/tv.airwolf/
.tv.amazing-race,Amazing Race,www.2bhip.com/category/tv.amazing-race/
.tv.american-pickers,American Pickers,www.2bhip.com/category/tv.american-pickers/
.tv.andy-griffith-show--the,"Andy Griffith Show, The",www.2bhip.com/category/tv.andy-griffith-show--the/
.tv.arrested-development,Arrested Development,www.2bhip.com/category/tv.arrested-development/
.tv.battlestar-galactica,Battlestar Galactica,www.2bhip.com/category/tv.battlestar-galactica/
.tv.beavis-and-butthead,Beavis & Butthead,www.2bhip.com/category/tv.beavis-and-butthead/
.tv.beverly-hillbillies--the,"Beverly Hillbillies, The",www.2bhip.com/category/tv.beverly-hillbillies--the/
.tv.beverly-hills-90210,Beverly Hills 90210,www.2bhip.com/category/tv.beverly-hills-90210/
.tv.bewitched,Bewitched,www.2bhip.com/category/tv.bewitched/
.tv.big-bang-theory--the,"Big Bang Theory, The",www.2bhip.com/category/tv.big-bang-theory--the/
.tv.big-time-rush,Big Time Rush,www.2bhip.com/category/tv.big-time-rush/
.tv.billy-the-exterminator,Billy The Exterminator,www.2bhip.com/category/tv.billy-the-exterminator/
.tv.bionic-woman--the,"Bionic Woman, The",www.2bhip.com/category/tv.bionic-woman--the/
.tv.boardwalk-empire,Boardwalk Empire,www.2bhip.com/category/tv.boardwalk-empire/
.tv.brady-bunch--the,"Brady Bunch, The",www.2bhip.com/category/tv.brady-bunch--the/
.tv.breaking-bad,Breaking Bad,www.2bhip.com/category/tv.breaking-bad/
.tv.buffy-the-vampire-slayer,Buffy the Vampire Slayer,www.2bhip.com/category/tv.buffy-the-vampire-slayer/
.tv.californication,Californication,www.2bhip.com/category/tv.californication/
.tv.care-bears,Care Bears,www.2bhip.com/category/tv.care-bears/
.tv.charles-in-charge,Charles In Charge,www.2bhip.com/category/tv.charles-in-charge/
.tv.charlie-s-angels,Charlie's Angels,www.2bhip.com/category/tv.charlie-s-angels/
.tv.charmed,Charmed,www.2bhip.com/category/tv.charmed/
.tv.cheers,Cheers,www.2bhip.com/category/tv.cheers/
.tv.chips,CHiPs,www.2bhip.com/category/tv.chips/
.tv.community,Community,www.2bhip.com/category/tv.community/
.tv.criminal-minds,Criminal Minds,www.2bhip.com/category/tv.criminal-minds/
.tv.csi,CSI,www.2bhip.com/category/tv.csi/
.tv.curb-your-enthusiasm,Curb Your Enthusiasm,www.2bhip.com/category/tv.curb-your-enthusiasm/
.tv.dallas,Dallas,www.2bhip.com/category/tv.dallas/
.tv.dexter,Dexter,www.2bhip.com/category/tv.dexter/
.tv.dr--who,Dr. Who,www.2bhip.com/category/tv.dr--who/
.tv.dragnet,Dragnet,www.2bhip.com/category/tv.dragnet/
.tv.duck-dynasty,Duck Dynasty,www.2bhip.com/category/tv.duck-dynasty/
.tv.dukes-of-hazzard--the,"Dukes of Hazzard, The",www.2bhip.com/category/tv.dukes-of-hazzard--the/
.tv.eastbound-and-down,Eastbound & Down,www.2bhip.com/category/tv.eastbound-and-down/
.tv.entourage,Entourage,www.2bhip.com/category/tv.entourage/
.tv.eureka,Eureka,www.2bhip.com/category/tv.eureka/
.tv.everybody-loves-raymond,Everybody Loves Raymond,www.2bhip.com/category/tv.everybody-loves-raymond/
.tv.family-guy,Family Guy,www.2bhip.com/category/tv.family-guy/
.tv.family-ties,Family Ties,www.2bhip.com/category/tv.family-ties/
.tv.farscape,Farscape,www.2bhip.com/category/tv.farscape/
.tv.frasier,Frasier,www.2bhip.com/category/tv.frasier/
.tv.friday-night-lights,Friday Night Lights,www.2bhip.com/category/tv.friday-night-lights/
.tv.game-of-thrones,Game Of Thrones,www.2bhip.com/category/tv.game-of-thrones/
.tv.ghost-whisperer,Ghost Whisperer,www.2bhip.com/category/tv.ghost-whisperer/
.tv.gilligan-s-island,Gilligan's Island,www.2bhip.com/category/tv.gilligan-s-island/
.tv.gossip-girl,Gossip Girl,www.2bhip.com/category/tv.gossip-girl/
.tv.happy-days,Happy Days,www.2bhip.com/category/tv.happy-days/
.tv.hell-s-kitchen,Hell's Kitchen,www.2bhip.com/category/tv.hell-s-kitchen/
.tv.heroes,Heroes,www.2bhip.com/category/tv.heroes/
.tv.hoarders,Hoarders,www.2bhip.com/category/tv.hoarders/
.tv.hogan-s-heroes,Hogan's Heroes,www.2bhip.com/category/tv.hogan-s-heroes/
.tv.homeland,Homeland,www.2bhip.com/category/tv.homeland/
.tv.house-m-d-,House M.D.,www.2bhip.com/category/tv.house-m-d-/
.tv.how-i-met-your-mother,How I Met Your Mother,www.2bhip.com/category/tv.how-i-met-your-mother/
.tv.howdy-doody,Howdy Doody,www.2bhip.com/category/tv.howdy-doody/
.tv.i-dream-of-jeannie,I Dream Of Jeannie,www.2bhip.com/category/tv.i-dream-of-jeannie/
.tv.ice-road-truckers,Ice Road Truckers,www.2bhip.com/category/tv.ice-road-truckers/
.tv.it-s-always-sunny-in-philadelphia,It's Always Sunny in Philadelphia,www.2bhip.com/category/tv.it-s-always-sunny-in-philadelphia/
.tv.jeff-dunham-show--the,"Jeff Dunham Show, The",www.2bhip.com/category/tv.jeff-dunham-show--the/
.tv.jericho,Jericho,www.2bhip.com/category/tv.jericho/
.tv.jerry-springer-show--the,"Jerry Springer Show, The",www.2bhip.com/category/tv.jerry-springer-show--the/
.tv.jersey-shore,Jersey Shore,www.2bhip.com/category/tv.jersey-shore/
.tv.king-of-the-hill,King of the Hill,www.2bhip.com/category/tv.king-of-the-hill/
.tv.knight-rider,Knight Rider,www.2bhip.com/category/tv.knight-rider/
.tv.law-and-order,Law & Order,www.2bhip.com/category/tv.law-and-order/
.tv.leave-it-to-beaver,Leave It To Beaver,www.2bhip.com/category/tv.leave-it-to-beaver/
.tv.little-rascals--the,"Little Rascals, The",www.2bhip.com/category/tv.little-rascals--the/
.tv.looney-tunes,Looney Tunes,www.2bhip.com/category/tv.looney-tunes/
.tv.love-boat--the,"Love Boat, The",www.2bhip.com/category/tv.love-boat--the/
.tv.magnum--p-i-,"Magnum, P.I.",www.2bhip.com/category/tv.magnum--p-i-/
.tv.manhunters,Manhunters,www.2bhip.com/category/tv.manhunters/
.tv.married-with-children,Married With Children,www.2bhip.com/category/tv.married-with-children/
.tv.mash,MASH,www.2bhip.com/category/tv.mash/
.tv.miami-vice,Miami Vice,www.2bhip.com/category/tv.miami-vice/
.tv.mod-squad--the,"Mod Squad, The",www.2bhip.com/category/tv.mod-squad--the/
.tv.modern-family,Modern Family,www.2bhip.com/category/tv.modern-family/
.tv.modern-marvels,Modern Marvels,www.2bhip.com/category/tv.modern-marvels/
.tv.monk,Monk,www.2bhip.com/category/tv.monk/
.tv.monty-python,Monty Python,www.2bhip.com/category/tv.monty-python/
.tv.more-cowbell,More Cowbell,www.2bhip.com/category/tv.more-cowbell/
.tv.mork-and-mindy,Mork & Mindy,www.2bhip.com/category/tv.mork-and-mindy/
.tv.mr--bean,Mr. Bean,www.2bhip.com/category/tv.mr--bean/
.tv.mr--rogers,Mr. Rogers,www.2bhip.com/category/tv.mr--rogers/
.tv.mtv,MTV,www.2bhip.com/category/tv.mtv/
.tv.munsters--the,"Munsters, The",www.2bhip.com/category/tv.munsters--the/
.tv.muppets--the,"Muppets, The",www.2bhip.com/category/tv.muppets--the/
.tv.my-three-sons,My Three Sons,www.2bhip.com/category/tv.my-three-sons/
.tv.ncis,NCIS,www.2bhip.com/category/tv.ncis/
.tv.office--the,"Office, The",www.2bhip.com/category/tv.office--the/
.tv.outer-limits--the,"Outer Limits, The",www.2bhip.com/category/tv.outer-limits--the/
.tv.paranormal-state,Paranormal State,www.2bhip.com/category/tv.paranormal-state/
.tv.parking-wars,Parking Wars,www.2bhip.com/category/tv.parking-wars/
.tv.parks-and-recreation,Parks & Recreation,www.2bhip.com/category/tv.parks-and-recreation/
.tv.pawn-stars,Pawn Stars,www.2bhip.com/category/tv.pawn-stars/
.tv.power-rangers,Power Rangers,www.2bhip.com/category/tv.power-rangers/
.tv.psych,Psych,www.2bhip.com/category/tv.psych/
.tv.quantum-leap,Quantum Leap,www.2bhip.com/category/tv.quantum-leap/
.tv.sanford-and-son,Sanford and Son,www.2bhip.com/category/tv.sanford-and-son/
.tv.saturday-night-live,Saturday Night Live,www.2bhip.com/category/tv.saturday-night-live/
.tv.saved-by-the-bell,Saved by the Bell,www.2bhip.com/category/tv.saved-by-the-bell/
.tv.seinfeld,Seinfeld,www.2bhip.com/category/tv.seinfeld/
.tv.shameless,Shameless,www.2bhip.com/category/tv.shameless/
.tv.shark-tank,Shark Tank,www.2bhip.com/category/tv.shark-tank/
.tv.simpsons,Simpsons,www.2bhip.com/category/tv.simpsons/
.tv.six-million-dollar-man--the,"Six Million Dollar Man, The",www.2bhip.com/category/tv.six-million-dollar-man--the/
.tv.sons-of-anarchy,Sons Of Anarchy,www.2bhip.com/category/tv.sons-of-anarchy/
.tv.sopranos--the,"Sopranos, The",www.2bhip.com/category/tv.sopranos--the/
.tv.soul-train,Soul Train,www.2bhip.com/category/tv.soul-train/
.tv.south-park,South Park,www.2bhip.com/category/tv.south-park/
.tv.spongebob-squarepants,Spongebob Squarepants,www.2bhip.com/category/tv.spongebob-squarepants/
.tv.star-trek,Star Trek,www.2bhip.com/category/tv.star-trek/
.tv.stargate,Stargate,www.2bhip.com/category/tv.stargate/
.tv.storage-wars,Storage Wars,www.2bhip.com/category/tv.storage-wars/
.tv.survivor,Survivor,www.2bhip.com/category/tv.survivor/
.tv.swamp-people,Swamp People,www.2bhip.com/category/tv.swamp-people/
.tv.taxi,Taxi,www.2bhip.com/category/tv.taxi/
.tv.the-voice,The Voice,www.2bhip.com/category/tv.the-voice/
.tv.three-stooges--the,"Three Stooges, The",www.2bhip.com/category/tv.three-stooges--the/
.tv.true-blood,True Blood,www.2bhip.com/category/tv.true-blood/
.tv.twilight-zone,Twilight Zone,www.2bhip.com/category/tv.twilight-zone/
.tv.walker-texas-ranger,Walker Texas Ranger,www.2bhip.com/category/tv.walker-texas-ranger/
.tv.walking-dead--the,"Walking Dead, The",www.2bhip.com/category/tv.walking-dead--the/
.tv.weeds,Weeds,www.2bhip.com/category/tv.weeds/
.tv.wheel-of-fortune,Wheel Of Fortune,www.2bhip.com/category/tv.wheel-of-fortune/
.tv.wilfred,Wilfred,www.2bhip.com/category/tv.wilfred/
.tv.will-and-grace,Will & Grace,www.2bhip.com/category/tv.will-and-grace/
.tv.workaholics,Workaholics,www.2bhip.com/category/tv.workaholics/
.tv.wwf,WWF,www.2bhip.com/category/tv.wwf/
.tv.xena-warrior-princess,Xena Warrior Princess,www.2bhip.com/category/tv.xena-warrior-princess/
.video-games,!Video Games,www.2bhip.com/category/video-games/
.video-games.angry-birds,Angry Birds,www.2bhip.com/category/video-games.angry-birds/
.video-games.assassin-s-creed,Assassin's Creed,www.2bhip.com/category/video-games.assassin-s-creed/
.video-games.asteroids,Asteroids,www.2bhip.com/category/video-games.asteroids/
.video-games.atari,Atari,www.2bhip.com/category/video-games.atari/
.video-games.batman-arkham-asylum,Batman Arkham Asylum,www.2bhip.com/category/video-games.batman-arkham-asylum/
.video-games.call-of-duty,Call Of Duty,www.2bhip.com/category/video-games.call-of-duty/
.video-games.centipede,Centipede,www.2bhip.com/category/video-games.centipede/
.video-games.cut-the-rope,Cut The Rope,www.2bhip.com/category/video-games.cut-the-rope/
.video-games.diablo-iii,Diablo III,www.2bhip.com/category/video-games.diablo-iii/
.video-games.dragon-s-lair,Dragon's Lair,www.2bhip.com/category/video-games.dragon-s-lair/
.video-games.dungeons-and-dragons,Dungeons & Dragons,www.2bhip.com/category/video-games.dungeons-and-dragons/
.video-games.gears-of-war,Gears Of War,www.2bhip.com/category/video-games.gears-of-war/
.video-games.god-of-war,God Of War,www.2bhip.com/category/video-games.god-of-war/
.video-games.halo,Halo,www.2bhip.com/category/video-games.halo/
.video-games.legend-of-zelda,Legend of Zelda,www.2bhip.com/category/video-games.legend-of-zelda/
.video-games.mario,Mario,www.2bhip.com/category/video-games.mario/
.video-games.marvel-vs-capcom-3,Marvel Vs Capcom 3,www.2bhip.com/category/video-games.marvel-vs-capcom-3/
.video-games.medal-of-honor,Medal Of Honor,www.2bhip.com/category/video-games.medal-of-honor/
.video-games.minecraft,Minecraft,www.2bhip.com/category/video-games.minecraft/
.video-games.mortal-kombat,Mortal Kombat,www.2bhip.com/category/video-games.mortal-kombat/
.video-games.nintendo,Nintendo,www.2bhip.com/category/video-games.nintendo/
.video-games.pac-man,Pac Man,www.2bhip.com/category/video-games.pac-man/
.video-games.plants-vs-zombies,Plants Vs Zombies,www.2bhip.com/category/video-games.plants-vs-zombies/
.video-games.pokemon,Pokemon,www.2bhip.com/category/video-games.pokemon/
.video-games.portal-2,Portal 2,www.2bhip.com/category/video-games.portal-2/
.video-games.punch-out,Punch Out,www.2bhip.com/category/video-games.punch-out/
.video-games.resident-evil,Resident Evil,www.2bhip.com/category/video-games.resident-evil/
.video-games.sega,Sega,www.2bhip.com/category/video-games.sega/
.video-games.skylanders,Skylanders,www.2bhip.com/category/video-games.skylanders/
.video-games.sonic-the-hedgehog,Sonic The Hedgehog,www.2bhip.com/category/video-games.sonic-the-hedgehog/
.video-games.space-ace,Space Ace,www.2bhip.com/category/video-games.space-ace/
.video-games.space-invaders,Space Invaders,www.2bhip.com/category/video-games.space-invaders/
.video-games.starcraft-ii,Starcraft II,www.2bhip.com/category/video-games.starcraft-ii/
.video-games.street-fighter,Street Fighter,www.2bhip.com/category/video-games.street-fighter/
.video-games.tetris,Tetris,www.2bhip.com/category/video-games.tetris/
.video-games.track-and-field,Track & Field,www.2bhip.com/category/video-games.track-and-field/
.video-games.wii,Wii,www.2bhip.com/category/video-games.wii/
.video-games.world-of-warcraft,World Of Warcraft,www.2bhip.com/category/video-games.world-of-warcraft/
